Workbook

Sheet Base Vendedores Trad Mvd
C1: Medidas | D1: Vendedor
C2: Medidas | D2: Vendedor
A3: Marca | B3: Fecha Calendario | C3: Importe $
A4: Marca | B4: Año | C4: CELLE ROSA MARIO SEBASTIAN | D4: AGUETE PIZZI SERGIO MATHIAS | E4: SCHMIDT ECHEVARRIA JOSE MARTIN | F4: BIANCHI GAMBA JUAN EDUARDO | G4: BALZARINI NACERE ROBERTO PABLO | H4: TOTAL | I4: PORCENTAJE VENDEDORES MVD TRAD
A5: Adler | B5: 2026 | C5: 956.25 | D5: 8476.5 | E5: 605.25 | F5: 6200.25 | G5: 1650 | H5: =SUM(C5:G5) -> 17888.25 | I5: =H5/$H$131 -> 0.00013042045
A6: ALFREDO | B6: 2026 | C6: 33904.82 | D6: 46699.07 | E6: 7664.93 | F6: 347116.41 | G6: 369422.6 | H6: =SUM(C6:G6) -> 804807.83 | I6: =H6/$H$131 -> 0.0058677286
A7: Arizona International LLC | B7: 2026 | C7: 33341.35 | D7: 51680.96 | E7: -575.7 | F7: 27238.5 | G7: 28212 | H7: =SUM(C7:G7) -> 139897.11 | I7: =H7/$H$131 -> 0.0010199681
A8: ASURIN | B8: 2026 | C8: 781.8 | D8: 9844.6 | E8: 1395 | F8: 6716.78 | G8: 17564.4 | H8: =SUM(C8:G8) -> 36302.58 | I8: =H8/$H$131 -> 0.00026467646
A9: BAGGIO | B9: 2026 | C9: 19952.46 | D9: 0 | E9: 0 | F9: 0 | G9: 9979.92 | H9: =SUM(C9:G9) -> 29932.38 | I9: =H9/$H$131 -> 0.00021823232
A10: BARONIE | B10: 2026 | C10: 9945.2 | D10: 8924.4 | E10: 0 | F10: 0 | G10: 5384.78 | H10: =SUM(C10:G10) -> 24254.38 | I10: =H10/$H$131 -> 0.00017683491
A11: BARKLEYS | B11: 2026 | C11: 39872.59 | D11: 87750.52 | E11: 12257.85 | F11: 333093.75 | G11: 131228.06 | H11: =SUM(C11:G11) -> 604202.77 | I11: =H11/$H$131 -> 0.0044051483
A12: Bavaria | B12: 2026 | C12: 0 | D12: 2700.13 | E12: 716673.83 | F12: 124037.45 | G12: 184121.45 | H12: =SUM(C12:G12) -> 1027532.9 | I12: =H12/$H$131 -> 0.0074915821
A13: Bebeto | B13: 2026 | C13: 10665.13 | D13: 25694.09 | E13: 225080.41 | F13: 236222.5 | G13: 57114.81 | H13: =SUM(C13:G13) -> 554776.94 | I13: =H13/$H$131 -> 0.0040447923
A14: BERGEN | B14: 2026 | C14: 108.9 | D14: 90.1 | E14: -1493.1 | F14: 0 | G14: -189.6 | H14: =SUM(C14:G14) -> -1483.7 | I14: =H14/$H$131 -> -1.0817426e-05
A15: Bruggen | B15: 2026 | C15: 32354.08 | D15: 36490.56 | E15: 5539.75 | F15: 70436.14 | G15: 60889.04 | H15: =SUM(C15:G15) -> 205709.57 | I15: =H15/$H$131 -> 0.0014997965
A16: BIBS | B16: 2026 | C16: 97158.84 | D16: 206364.53 | E16: 178336.08 | F16: 334722.35 | G16: 243753.76 | H16: =SUM(C16:G16) -> 1060335.6 | I16: =H16/$H$131 -> 0.0077307415
... A130: WRIGLEY`S | B130: 2026 | C130: 61053.19 | D130: 182003.85 | E130: 61889.31 | F130: 499069.32 | G130: 246206.22 | H130: =SUM(C130:G130) -> 1050221.9 | I130: =H130/$H$131 -> 0.0076570043
A131: =COUNTA(A5:A130) -> 126 | H131: =SUM(H5:H130) -> 1.3715833e+08

Sheet Porcentajes (Distribuidores)
A1: Marca | B1: 033422;COMBINADOS SRL | C1: 033613;CORREA GULARTE KATIA | D1: 033897;BUGAIOV AZURICA ALVARO MARTIN | E1: 035244;RINAKOLL S.A. | F1: 035572;PEREZ MAUTINO OSCAR SEBASTIAN | G1: 036380;LASA ANDRES | H1: 036512;AGUILERA FERNANDO | I1: 036565;ANIBAL VAZQUEZ S.A. | J1: 036633;GRUPOPANAL SAS | K1: 036636;LEIZA HERMAN WILSON RAUL | L1: 036781;DARDY S.A. | M1: 036991;CAMPOFRIO SRL | N1: 037040;GORMAT S.A. | O1: 037175;MATTEO BRITOS GONZALO FEDERICO | P1: 037218;VAMOS QUE VAMOS S EN C | Q1: 037290;CAMPO URBANO SRL | R1: 037606;BAINEPES S.A. | S1: 037833;LEAL DISTRIBUCION SAS | T1: 038092;DISTRIBUIDORA SCAGNEGATTI SAS | U1: 038513;GARCIA RIEIRO NICOLAS | V1: PROMEDIO DISTRIBUIDORES | W1: PORCENTAJE VENDEDORES MVD TRAD
A2: Adler | B2: ='Importe $ (Distribuidores)'!C5/'Importe $ (Distribuidores)'!C$131 -> 0 | C2: ='Importe $ (Distribuidores)'!D5/'Importe $ (Distribuidores)'!D$131 -> 0 | D2: ='Importe $ (Distribuidores)'!E5/'Importe $ (Distribuidores)'!E$131 -> 0 | E2: ='Importe $ (Distribuidores)'!F5/'Importe $ (Distribuidores)'!F$131 -> 0.00086097161 | F2: ='Importe $ (Distribuidores)'!G5/'Importe $ (Distribuidores)'!G$131 -> 0 | G2: ='Importe $ (Distribuidores)'!H5/'Importe $ (Distribuidores)'!H$131 -> 0 | H2: ='Importe $ (Distribuidores)'!I5/'Importe $ (Distribuidores)'!I$131 -> 0.00035819875 | I2: ='Importe $ (Distribuidores)'!J5/'Importe $ (Distribuidores)'!J$131 -> 0 | ... U2: ='Importe $ (Distribuidores)'!V5/'Importe $ (Distribuidores)'!V$131 -> 0.0010499436 | V2: =AVERAGE(B2:U2) -> 0.00011715464 | W2: 0.00013042045
A3: ALFREDO | B3: ='Importe $ (Distribuidores)'!C6/'Importe $ (Distribuidores)'!C$131 -> 0.0025035857 | C3: ='Importe $ (Distribuidores)'!D6/'Importe $ (Distribuidores)'!D$131 -> 0 | D3: ='Importe $ (Distribuidores)'!E6/'Importe $ (Distribuidores)'!E$131 -> 0.0072832499 | E3: ='Importe $ (Distribuidores)'!F6/'Importe $ (Distribuidores)'!F$131 -> 0.0042950342 | F3: ='Importe $ (Distribuidores)'!G6/'Importe $ (Distribuidores)'!G$131 -> 0 | G3: ='Importe $ (Distribuidores)'!H6/'Importe $ (Distribuidores)'!H$131 -> 0 | H3: ='Importe $ (Distribuidores)'!I6/'Importe $ (Distribuidores)'!I$131 -> 0.0011806629 | I3: ='Importe $ (Distribuidores)'!J6/'Importe $ (Distribuidores)'!J$131 -> 0 | ... U3: ='Importe $ (Distribuidores)'!V6/'Importe $ (Distribuidores)'!V$131 -> 0.0073930266 | V3: =AVERAGE(B3:U3) -> 0.0035726274 | W3: 0.0058677286
A4: Arizona International LLC | B4: ='Importe $ (Distribuidores)'!C7/'Importe $ (Distribuidores)'!C$131 -> 0 | C4: ='Importe $ (Distribuidores)'!D7/'Importe $ (Distribuidores)'!D$131 -> 0 | D4: ='Importe $ (Distribuidores)'!E7/'Importe $ (Distribuidores)'!E$131 -> 0.0017598239 | E4: ='Importe $ (Distribuidores)'!F7/'Importe $ (Distribuidores)'!F$131 -> -0.00065036471 | F4: ='Importe $ (Distribuidores)'!G7/'Importe $ (Distribuidores)'!G$131 -> 0 | G4: ='Importe $ (Distribuidores)'!H7/'Importe $ (Distribuidores)'!H$131 -> 0 | H4: ='Importe $ (Distribuidores)'!I7/'Importe $ (Distribuidores)'!I$131 -> 0.00087412434 | I4: ='Importe $ (Distribuidores)'!J7/'Importe $ (Distribuidores)'!J$131 -> 0 | ... U4: ='Importe $ (Distribuidores)'!V7/'Importe $ (Distribuidores)'!V$131 -> 0.00027049395 | V4: =AVERAGE(B4:U4) -> 0.00025802534 | W4: 0.0010199681
A5: ASURIN | B5: ='Importe $ (Distribuidores)'!C8/'Importe $ (Distribuidores)'!C$131 -> 0.0018146494 | C5: ='Importe $ (Distribuidores)'!D8/'Importe $ (Distribuidores)'!D$131 -> 0 | D5: ='Importe $ (Distribuidores)'!E8/'Importe $ (Distribuidores)'!E$131 -> 0 | E5: ='Importe $ (Distribuidores)'!F8/'Importe $ (Distribuidores)'!F$131 -> 3.2594452e-20 | F5: ='Importe $ (Distribuidores)'!G8/'Importe $ (Distribuidores)'!G$131 -> 0 | G5: ='Importe $ (Distribuidores)'!H8/'Importe $ (Distribuidores)'!H$131 -> 0 | H5: ='Importe $ (Distribuidores)'!I8/'Importe $ (Distribuidores)'!I$131 -> 0.00016317943 | I5: ='Importe $ (Distribuidores)'!J8/'Importe $ (Distribuidores)'!J$131 -> 0 | ... U5: ='Importe $ (Distribuidores)'!V8/'Importe $ (Distribuidores)'!V$131 -> 0 | V5: =AVERAGE(B5:U5) -> 0.00028458167 | W5: 0.00026467646
A6: BARONIE | B6: ='Importe $ (Distribuidores)'!C9/'Importe $ (Distribuidores)'!C$131 -> 0 | C6: ='Importe $ (Distribuidores)'!D9/'Importe $ (Distribuidores)'!D$131 -> 0 | D6: ='Importe $ (Distribuidores)'!E9/'Importe $ (Distribuidores)'!E$131 -> 0 | E6: ='Importe $ (Distribuidores)'!F9/'Importe $ (Distribuidores)'!F$131 -> 0 | F6: ='Importe $ (Distribuidores)'!G9/'Importe $ (Distribuidores)'!G$131 -> 0 | G6: ='Importe $ (Distribuidores)'!H9/'Importe $ (Distribuidores)'!H$131 -> 0 | H6: ='Importe $ (Distribuidores)'!I9/'Importe $ (Distribuidores)'!I$131 -> -2.2590298e-05 | I6: ='Importe $ (Distribuidores)'!J9/'Importe $ (Distribuidores)'!J$131 -> 0 | ... U6: ='Importe $ (Distribuidores)'!V9/'Importe $ (Distribuidores)'!V$131 -> 0 | V6: =AVERAGE(B6:U6) -> 2.5164018e-06 | W6: 0.00017683491
A7: BARKLEYS | B7: ='Importe $ (Distribuidores)'!C10/'Importe $ (Distribuidores)'!C$131 -> 0 | C7: ='Importe $ (Distribuidores)'!D10/'Importe $ (Distribuidores)'!D$131 -> 0 | D7: ='Importe $ (Distribuidores)'!E10/'Importe $ (Distribuidores)'!E$131 -> 0.0052236042 | E7: ='Importe $ (Distribuidores)'!F10/'Importe $ (Distribuidores)'!F$131 -> 0.0035296525 | F7: ='Importe $ (Distribuidores)'!G10/'Importe $ (Distribuidores)'!G$131 -> 0 | G7: ='Importe $ (Distribuidores)'!H10/'Importe $ (Distribuidores)'!H$131 -> 0 | H7: ='Importe $ (Distribuidores)'!I10/'Importe $ (Distribuidores)'!I$131 -> 0.0088641056 | I7: ='Importe $ (Distribuidores)'!J10/'Importe $ (Distribuidores)'!J$131 -> 0 | ... U7: ='Importe $ (Distribuidores)'!V10/'Importe $ (Distribuidores)'!V$131 -> 0.0031946759 | V7: =AVERAGE(B7:U7) -> 0.003042916 | W7: 0.0044051483
A8: Bavaria | B8: ='Importe $ (Distribuidores)'!C11/'Importe $ (Distribuidores)'!C$131 -> 0 | C8: ='Importe $ (Distribuidores)'!D11/'Importe $ (Distribuidores)'!D$131 -> 0 | D8: ='Importe $ (Distribuidores)'!E11/'Importe $ (Distribuidores)'!E$131 -> 0 | E8: ='Importe $ (Distribuidores)'!F11/'Importe $ (Distribuidores)'!F$131 -> 0 | F8: ='Importe $ (Distribuidores)'!G11/'Importe $ (Distribuidores)'!G$131 -> 0 | G8: ='Importe $ (Distribuidores)'!H11/'Importe $ (Distribuidores)'!H$131 -> 0 | H8: ='Importe $ (Distribuidores)'!I11/'Importe $ (Distribuidores)'!I$131 -> 0 | I8: ='Importe $ (Distribuidores)'!J11/'Importe $ (Distribuidores)'!J$131 -> 0 | ... U8: ='Importe $ (Distribuidores)'!V11/'Importe $ (Distribuidores)'!V$131 -> 0 | V8: =AVERAGE(B8:U8) -> 3.1658967e-05 | W8: 0.0074915821
A9: Bebeto | B9: ='Importe $ (Distribuidores)'!C12/'Importe $ (Distribuidores)'!C$131 -> 0.023709451 | C9: ='Importe $ (Distribuidores)'!D12/'Importe $ (Distribuidores)'!D$131 -> 0.052008238 | D9: ='Importe $ (Distribuidores)'!E12/'Importe $ (Distribuidores)'!E$131 -> 0.010966465 | E9: ='Importe $ (Distribuidores)'!F12/'Importe $ (Distribuidores)'!F$131 -> 0.011740913 | F9: ='Importe $ (Distribuidores)'!G12/'Importe $ (Distribuidores)'!G$131 -> 0.017260286 | G9: ='Importe $ (Distribuidores)'!H12/'Importe $ (Distribuidores)'!H$131 -> 0 | H9: ='Importe $ (Distribuidores)'!I12/'Importe $ (Distribuidores)'!I$131 -> 0.0078941607 | I9: ='Importe $ (Distribuidores)'!J12/'Importe $ (Distribuidores)'!J$131 -> 0 | ... U9: ='Importe $ (Distribuidores)'!V12/'Importe $ (Distribuidores)'!V$131 -> 0.0051529097 | V9: =AVERAGE(B9:U9) -> 0.013105059 | W9: 0.0040447923
A10: BERGEN | B10: ='Importe $ (Distribuidores)'!C13/'Importe $ (Distribuidores)'!C$131 -> 0 | C10: ='Importe $ (Distribuidores)'!D13/'Importe $ (Distribuidores)'!D$131 -> 0 | D10: ='Importe $ (Distribuidores)'!E13/'Importe $ (Distribuidores)'!E$131 -> -0.00017163714 | E10: ='Importe $ (Distribuidores)'!F13/'Importe $ (Distribuidores)'!F$131 -> 0 | F10: ='Importe $ (Distribuidores)'!G13/'Importe $ (Distribuidores)'!G$131 -> 0 | G10: ='Importe $ (Distribuidores)'!H13/'Importe $ (Distribuidores)'!H$131 -> 0 | H10: ='Importe $ (Distribuidores)'!I13/'Importe $ (Distribuidores)'!I$131 -> 0 | I10: ='Importe $ (Distribuidores)'!J13/'Importe $ (Distribuidores)'!J$131 -> 0 | ... U10: ='Importe $ (Distribuidores)'!V13/'Importe $ (Distribuidores)'!V$131 -> 0 | V10: =AVERAGE(B10:U10) -> -1.2280613e-05 | W10: -1.0817426e-05
A11: Bruggen | B11: ='Importe $ (Distribuidores)'!C14/'Importe $ (Distribuidores)'!C$131 -> 0.0092437412 | C11: ='Importe $ (Distribuidores)'!D14/'Importe $ (Distribuidores)'!D$131 -> 0 | D11: ='Importe $ (Distribuidores)'!E14/'Importe $ (Distribuidores)'!E$131 -> 0.00069461831 | E11: ='Importe $ (Distribuidores)'!F14/'Importe $ (Distribuidores)'!F$131 -> 0.0015672995 | F11: ='Importe $ (Distribuidores)'!G14/'Importe $ (Distribuidores)'!G$131 -> 0 | G11: ='Importe $ (Distribuidores)'!H14/'Importe $ (Distribuidores)'!H$131 -> 0 | H11: ='Importe $ (Distribuidores)'!I14/'Importe $ (Distribuidores)'!I$131 -> 0.0016452068 | I11: ='Importe $ (Distribuidores)'!J14/'Importe $ (Distribuidores)'!J$131 -> 0 | ... U11: ='Importe $ (Distribuidores)'!V14/'Importe $ (Distribuidores)'!V$131 -> 0.0029723488 | V11: =AVERAGE(B11:U11) -> 0.0010498289 | W11: 0.0014997965
A12: BIBS | B12: ='Importe $ (Distribuidores)'!C15/'Importe $ (Distribuidores)'!C$131 -> 0.0012128062 | C12: ='Importe $ (Distribuidores)'!D15/'Importe $ (Distribuidores)'!D$131 -> 0 | D12: ='Importe $ (Distribuidores)'!E15/'Importe $ (Distribuidores)'!E$131 -> 0.0059357425 | E12: ='Importe $ (Distribuidores)'!F15/'Importe $ (Distribuidores)'!F$131 -> 0.0095967571 | F12: ='Importe $ (Distribuidores)'!G15/'Importe $ (Distribuidores)'!G$131 -> 0 | G12: ='Importe $ (Distribuidores)'!H15/'Importe $ (Distribuidores)'!H$131 -> 0 | H12: ='Importe $ (Distribuidores)'!I15/'Importe $ (Distribuidores)'!I$131 -> 0.0025120235 | I12: ='Importe $ (Distribuidores)'!J15/'Importe $ (Distribuidores)'!J$131 -> 0 | ... U12: ='Importe $ (Distribuidores)'!V15/'Importe $ (Distribuidores)'!V$131 -> 0.010956547 | V12: =AVERAGE(B12:U12) -> 0.0052749962 | W12: 0.0077307415
A13: Bolero | B13: ='Importe $ (Distribuidores)'!C16/'Importe $ (Distribuidores)'!C$131 -> 0.00369152 | C13: ='Importe $ (Distribuidores)'!D16/'Importe $ (Distribuidores)'!D$131 -> 0 | D13: ='Importe $ (Distribuidores)'!E16/'Importe $ (Distribuidores)'!E$131 -> 0.0019258743 | E13: ='Importe $ (Distribuidores)'!F16/'Importe $ (Distribuidores)'!F$131 -> 0.00050996011 | F13: ='Importe $ (Distribuidores)'!G16/'Importe $ (Distribuidores)'!G$131 -> 0 | G13: ='Importe $ (Distribuidores)'!H16/'Importe $ (Distribuidores)'!H$131 -> 0 | H13: ='Importe $ (Distribuidores)'!I16/'Importe $ (Distribuidores)'!I$131 -> 0.00090882982 | I13: ='Importe $ (Distribuidores)'!J16/'Importe $ (Distribuidores)'!J$131 -> 0 | ... U13: ='Importe $ (Distribuidores)'!V16/'Importe $ (Distribuidores)'!V$131 -> 0.0030015337 | V13: =AVERAGE(B13:U13) -> 0.00094984347 | W13: 0.0018687612
... A127: WRIGLEY`S | B127: ='Importe $ (Distribuidores)'!C130/'Importe $ (Distribuidores)'!C$131 -> 0.010441601 | C127: ='Importe $ (Distribuidores)'!D130/'Importe $ (Distribuidores)'!D$131 -> 0 | D127: ='Importe $ (Distribuidores)'!E130/'Importe $ (Distribuidores)'!E$131 -> 0.01904086 | E127: ='Importe $ (Distribuidores)'!F130/'Importe $ (Distribuidores)'!F$131 -> 0.017177929 | F127: ='Importe $ (Distribuidores)'!G130/'Importe $ (Distribuidores)'!G$131 -> 0 | G127: ='Importe $ (Distribuidores)'!H130/'Importe $ (Distribuidores)'!H$131 -> 0 | H127: ='Importe $ (Distribuidores)'!I130/'Importe $ (Distribuidores)'!I$131 -> 0.017040158 | I127: ='Importe $ (Distribuidores)'!J130/'Importe $ (Distribuidores)'!J$131 -> 0 | ... U127: ='Importe $ (Distribuidores)'!V130/'Importe $ (Distribuidores)'!V$131 -> 0.013556018 | V127: =AVERAGE(B127:U127) -> 0.012041984 | W127: 0.0076570043
B128: =SUM(B2:B127) -> 1 | C128: =SUM(C2:C127) -> 1 | D128: =SUM(D2:D127) -> 1 | E128: =SUM(E2:E127) -> 1 | F128: =SUM(F2:F127) -> 1 | G128: =SUM(G2:G127) -> 1 | H128: =SUM(H2:H127) -> 1 | I128: =SUM(I2:I127) -> 1 | ... W128: =SUM(W2:W127) -> 1.0008699

Sheet Distribuidores por Marca en $
B2: Marca | C2: 033422;COMBINADOS SRL | D2: 033613;CORREA GULARTE KATIA | E2: 033897;BUGAIOV AZURICA ALVARO MARTIN | F2: 035244;RINAKOLL S.A. | G2: 035572;PEREZ MAUTINO OSCAR SEBASTIAN | H2: 036380;LASA ANDRES | I2: 036512;AGUILERA FERNANDO | J2: 036565;ANIBAL VAZQUEZ S.A. | K2: 036633;GRUPOPANAL SAS | L2: 036636;LEIZA HERMAN WILSON RAUL | M2: 036781;DARDY S.A. | N2: 036991;CAMPOFRIO SRL | O2: 037040;GORMAT S.A. | P2: 037175;MATTEO BRITOS GONZALO FEDERICO | Q2: 037218;VAMOS QUE VAMOS S EN C | R2: 037290;CAMPO URBANO SRL | S2: 037606;BAINEPES S.A. | T2: 037833;LEAL DISTRIBUCION SAS | U2: 038092;DISTRIBUIDORA SCAGNEGATTI SAS | V2: 038513;GARCIA RIEIRO NICOLAS | W2: PROMEDIO DISTRIBUIDORES | X2: PORCENTAJE VENDEDORES MVD TRAD | Y2: PROMEDIO TOTAL
B3: Adler | C3: =IFERROR(INDEX(Volcado_Dist!$A:$ZZ, MATCH($B3, Volcado_Dist!$A:$A, 0), MATCH(C$2, Volcado_Dist!$1:$1, 0)) / SUM(INDEX(Volcado_Dist!$A:$ZZ, 0, MATCH(C$2, Volcado_Dist!$1:$1, 0))), 0) -> 0 | D3: =IFERROR(INDEX(Volcado_Dist!$A:$ZZ, MATCH($B3, Volcado_Dist!$A:$A, 0), MATCH(D$2, Volcado_Dist!$1:$1, 0)) / SUM(INDEX(Volcado_Dist!$A:$ZZ, 0, MATCH(D$2, Volcado_Dist!$1:$1, 0))), 0) -> 0 | E3: =IFERROR(INDEX(Volcado_Dist!$A:$ZZ, MATCH($B3, Volcado_Dist!$A:$A, 0), MATCH(E$2, Volcado_Dist!$1:$1, 0)) / SUM(INDEX(Volcado_Dist!$A:$ZZ, 0, MATCH(E$2, Volcado_Dist!$1:$1, 0))), 0) -> 0 | F3: =IFERROR(INDEX(Volcado_Dist!$A:$ZZ, MATCH($B3, Volcado_Dist!$A:$A, 0), MATCH(F$2, Volcado_Dist!$1:$1, 0)) / SUM(INDEX(Volcado_Dist!$A:$ZZ, 0, MATCH(F$2, Volcado_Dist!$1:$1, 0))), 0) -> 0.00074039592 | G3: =IFERROR(INDEX(Volcado_Dist!$A:$ZZ, MATCH($B3, Volcado_Dist!$A:$A, 0), MATCH(G$2, Volcado_Dist!$1:$1, 0)) / SUM(INDEX(Volcado_Dist!$A:$ZZ, 0, MATCH(G$2, Volcado_Dist!$1:$1, 0))), 0) -> 0 | H3: =IFERROR(INDEX(Volcado_Dist!$A:$ZZ, MATCH($B3, Volcado_Dist!$A:$A, 0), MATCH(H$2, Volcado_Dist!$1:$1, 0)) / SUM(INDEX(Volcado_Dist!$A:$ZZ, 0, MATCH(H$2, Volcado_Dist!$1:$1, 0))), 0) -> 0 | I3: =IFERROR(INDEX(Volcado_Dist!$A:$ZZ, MATCH($B3, Volcado_Dist!$A:$A, 0), MATCH(I$2, Volcado_Dist!$1:$1, 0)) / SUM(INDEX(Volcado_Dist!$A:$ZZ, 0, MATCH(I$2, Volcado_Dist!$1:$1, 0))), 0) -> 0.00033506507 | J3: =IFERROR(INDEX(Volcado_Dist!$A:$ZZ, MATCH($B3, Volcado_Dist!$A:$A, 0), MATCH(J$2, Volcado_Dist!$1:$1, 0)) / SUM(INDEX(Volcado_Dist!$A:$ZZ, 0, MATCH(J$2, Volcado_Dist!$1:$1, 0))), 0) -> 0 | ... V3: =IFERROR(INDEX(Volcado_Dist!$A:$ZZ, MATCH($B3, Volcado_Dist!$A:$A, 0), MATCH(V$2, Volcado_Dist!$1:$1, 0)) / SUM(INDEX(Volcado_Dist!$A:$ZZ, 0, MATCH(V$2, Volcado_Dist!$1:$1, 0))), 0) -> 0.0010226609 | W3: =AVERAGE(C3:V3) -> 0.00010807548 | X3: =IFERROR(SUM(_xlfn.XLOOKUP($B3, Volcado_Vend!$A:$A, Volcado_Vend!$C:$ZZ, 0)) / SUM(Volcado_Vend!$C:$ZZ), 0) -> 0 | Y3: =AVERAGE(W3:X3) -> 5.4037742e-05
B4: ALFREDO | C4: =IFERROR(INDEX(Volcado_Dist!$A:$ZZ, MATCH($B4, Volcado_Dist!$A:$A, 0), MATCH(C$2, Volcado_Dist!$1:$1, 0)) / SUM(INDEX(Volcado_Dist!$A:$ZZ, 0, MATCH(C$2, Volcado_Dist!$1:$1, 0))), 0) -> 0.0025724102 | D4: =IFERROR(INDEX(Volcado_Dist!$A:$ZZ, MATCH($B4, Volcado_Dist!$A:$A, 0), MATCH(D$2, Volcado_Dist!$1:$1, 0)) / SUM(INDEX(Volcado_Dist!$A:$ZZ, 0, MATCH(D$2, Volcado_Dist!$1:$1, 0))), 0) -> 0 | E4: =IFERROR(INDEX(Volcado_Dist!$A:$ZZ, MATCH($B4, Volcado_Dist!$A:$A, 0), MATCH(E$2, Volcado_Dist!$1:$1, 0)) / SUM(INDEX(Volcado_Dist!$A:$ZZ, 0, MATCH(E$2, Volcado_Dist!$1:$1, 0))), 0) -> 0.0065582796 | F4: =IFERROR(INDEX(Volcado_Dist!$A:$ZZ, MATCH($B4, Volcado_Dist!$A:$A, 0), MATCH(F$2, Volcado_Dist!$1:$1, 0)) / SUM(INDEX(Volcado_Dist!$A:$ZZ, 0, MATCH(F$2, Volcado_Dist!$1:$1, 0))), 0) -> 0.0041460273 | G4: =IFERROR(INDEX(Volcado_Dist!$A:$ZZ, MATCH($B4, Volcado_Dist!$A:$A, 0), MATCH(G$2, Volcado_Dist!$1:$1, 0)) / SUM(INDEX(Volcado_Dist!$A:$ZZ, 0, MATCH(G$2, Volcado_Dist!$1:$1, 0))), 0) -> 0 | H4: =IFERROR(INDEX(Volcado_Dist!$A:$ZZ, MATCH($B4, Volcado_Dist!$A:$A, 0), MATCH(H$2, Volcado_Dist!$1:$1, 0)) / SUM(INDEX(Volcado_Dist!$A:$ZZ, 0, MATCH(H$2, Volcado_Dist!$1:$1, 0))), 0) -> 0 | I4: =IFERROR(INDEX(Volcado_Dist!$A:$ZZ, MATCH($B4, Volcado_Dist!$A:$A, 0), MATCH(I$2, Volcado_Dist!$1:$1, 0)) / SUM(INDEX(Volcado_Dist!$A:$ZZ, 0, MATCH(I$2, Volcado_Dist!$1:$1, 0))), 0) -> 0.0011640409 | J4: =IFERROR(INDEX(Volcado_Dist!$A:$ZZ, MATCH($B4, Volcado_Dist!$A:$A, 0), MATCH(J$2, Volcado_Dist!$1:$1, 0)) / SUM(INDEX(Volcado_Dist!$A:$ZZ, 0, MATCH(J$2, Volcado_Dist!$1:$1, 0))), 0) -> 0 | ... V4: =IFERROR(INDEX(Volcado_Dist!$A:$ZZ, MATCH($B4, Volcado_Dist!$A:$A, 0), MATCH(V$2, Volcado_Dist!$1:$1, 0)) / SUM(INDEX(Volcado_Dist!$A:$ZZ, 0, MATCH(V$2, Volcado_Dist!$1:$1, 0))), 0) -> 0.0066731836 | W4: =AVERAGE(C4:V4) -> 0.0033536973 | X4: =IFERROR(SUM(_xlfn.XLOOKUP($B4, Volcado_Vend!$A:$A, Volcado_Vend!$C:$ZZ, 0)) / SUM(Volcado_Vend!$C:$ZZ), 0) -> 0.0018556737 | Y4: =AVERAGE(W4:X4) -> 0.0026046855
B5: Arizona International LLC | C5: =IFERROR(INDEX(Volcado_Dist!$A:$ZZ, MATCH($B5, Volcado_Dist!$A:$A, 0), MATCH(C$2, Volcado_Dist!$1:$1, 0)) / SUM(INDEX(Volcado_Dist!$A:$ZZ, 0, MATCH(C$2, Volcado_Dist!$1:$1, 0))), 0) -> 0 | D5: =IFERROR(INDEX(Volcado_Dist!$A:$ZZ, MATCH($B5, Volcado_Dist!$A:$A, 0), MATCH(D$2, Volcado_Dist!$1:$1, 0)) / SUM(INDEX(Volcado_Dist!$A:$ZZ, 0, MATCH(D$2, Volcado_Dist!$1:$1, 0))), 0) -> 0 | E5: =IFERROR(INDEX(Volcado_Dist!$A:$ZZ, MATCH($B5, Volcado_Dist!$A:$A, 0), MATCH(E$2, Volcado_Dist!$1:$1, 0)) / SUM(INDEX(Volcado_Dist!$A:$ZZ, 0, MATCH(E$2, Volcado_Dist!$1:$1, 0))), 0) -> 0.0016168288 | F5: =IFERROR(INDEX(Volcado_Dist!$A:$ZZ, MATCH($B5, Volcado_Dist!$A:$A, 0), MATCH(F$2, Volcado_Dist!$1:$1, 0)) / SUM(INDEX(Volcado_Dist!$A:$ZZ, 0, MATCH(F$2, Volcado_Dist!$1:$1, 0))), 0) -> -7.2330986e-05 | G5: =IFERROR(INDEX(Volcado_Dist!$A:$ZZ, MATCH($B5, Volcado_Dist!$A:$A, 0), MATCH(G$2, Volcado_Dist!$1:$1, 0)) / SUM(INDEX(Volcado_Dist!$A:$ZZ, 0, MATCH(G$2, Volcado_Dist!$1:$1, 0))), 0) -> 0 | H5: =IFERROR(INDEX(Volcado_Dist!$A:$ZZ, MATCH($B5, Volcado_Dist!$A:$A, 0), MATCH(H$2, Volcado_Dist!$1:$1, 0)) / SUM(INDEX(Volcado_Dist!$A:$ZZ, 0, MATCH(H$2, Volcado_Dist!$1:$1, 0))), 0) -> 0 | I5: =IFERROR(INDEX(Volcado_Dist!$A:$ZZ, MATCH($B5, Volcado_Dist!$A:$A, 0), MATCH(I$2, Volcado_Dist!$1:$1, 0)) / SUM(INDEX(Volcado_Dist!$A:$ZZ, 0, MATCH(I$2, Volcado_Dist!$1:$1, 0))), 0) -> 0.00077873376 | J5: =IFERROR(INDEX(Volcado_Dist!$A:$ZZ, MATCH($B5, Volcado_Dist!$A:$A, 0), MATCH(J$2, Volcado_Dist!$1:$1, 0)) / SUM(INDEX(Volcado_Dist!$A:$ZZ, 0, MATCH(J$2, Volcado_Dist!$1:$1, 0))), 0) -> 0 | ... V5: =IFERROR(INDEX(Volcado_Dist!$A:$ZZ, MATCH($B5, Volcado_Dist!$A:$A, 0), MATCH(V$2, Volcado_Dist!$1:$1, 0)) / SUM(INDEX(Volcado_Dist!$A:$ZZ, 0, MATCH(V$2, Volcado_Dist!$1:$1, 0))), 0) -> 0.00022528183 | W5: =AVERAGE(C5:V5) -> 0.00025942818 | X5: =IFERROR(SUM(_xlfn.XLOOKUP($B5, Volcado_Vend!$A:$A, Volcado_Vend!$C:$ZZ, 0)) / SUM(Volcado_Vend!$C:$ZZ), 0) -> 0.0083743121 | Y5: =AVERAGE(W5:X5) -> 0.0043168701
B6: ASURIN | C6: =IFERROR(INDEX(Volcado_Dist!$A:$ZZ, MATCH($B6, Volcado_Dist!$A:$A, 0), MATCH(C$2, Volcado_Dist!$1:$1, 0)) / SUM(INDEX(Volcado_Dist!$A:$ZZ, 0, MATCH(C$2, Volcado_Dist!$1:$1, 0))), 0) -> 0.0016517228 | D6: =IFERROR(INDEX(Volcado_Dist!$A:$ZZ, MATCH($B6, Volcado_Dist!$A:$A, 0), MATCH(D$2, Volcado_Dist!$1:$1, 0)) / SUM(INDEX(Volcado_Dist!$A:$ZZ, 0, MATCH(D$2, Volcado_Dist!$1:$1, 0))), 0) -> 0 | E6: =IFERROR(INDEX(Volcado_Dist!$A:$ZZ, MATCH($B6, Volcado_Dist!$A:$A, 0), MATCH(E$2, Volcado_Dist!$1:$1, 0)) / SUM(INDEX(Volcado_Dist!$A:$ZZ, 0, MATCH(E$2, Volcado_Dist!$1:$1, 0))), 0) -> 0 | F6: =IFERROR(INDEX(Volcado_Dist!$A:$ZZ, MATCH($B6, Volcado_Dist!$A:$A, 0), MATCH(F$2, Volcado_Dist!$1:$1, 0)) / SUM(INDEX(Volcado_Dist!$A:$ZZ, 0, MATCH(F$2, Volcado_Dist!$1:$1, 0))), 0) -> -2.8029727e-20 | G6: =IFERROR(INDEX(Volcado_Dist!$A:$ZZ, MATCH($B6, Volcado_Dist!$A:$A, 0), MATCH(G$2, Volcado_Dist!$1:$1, 0)) / SUM(INDEX(Volcado_Dist!$A:$ZZ, 0, MATCH(G$2, Volcado_Dist!$1:$1, 0))), 0) -> 0 | H6: =IFERROR(INDEX(Volcado_Dist!$A:$ZZ, MATCH($B6, Volcado_Dist!$A:$A, 0), MATCH(H$2, Volcado_Dist!$1:$1, 0)) / SUM(INDEX(Volcado_Dist!$A:$ZZ, 0, MATCH(H$2, Volcado_Dist!$1:$1, 0))), 0) -> 0 | I6: =IFERROR(INDEX(Volcado_Dist!$A:$ZZ, MATCH($B6, Volcado_Dist!$A:$A, 0), MATCH(I$2, Volcado_Dist!$1:$1, 0)) / SUM(INDEX(Volcado_Dist!$A:$ZZ, 0, MATCH(I$2, Volcado_Dist!$1:$1, 0))), 0) -> 0.00014537214 | J6: =IFERROR(INDEX(Volcado_Dist!$A:$ZZ, MATCH($B6, Volcado_Dist!$A:$A, 0), MATCH(J$2, Volcado_Dist!$1:$1, 0)) / SUM(INDEX(Volcado_Dist!$A:$ZZ, 0, MATCH(J$2, Volcado_Dist!$1:$1, 0))), 0) -> 0 | ... V6: =IFERROR(INDEX(Volcado_Dist!$A:$ZZ, MATCH($B6, Volcado_Dist!$A:$A, 0), MATCH(V$2, Volcado_Dist!$1:$1, 0)) / SUM(INDEX(Volcado_Dist!$A:$ZZ, 0, MATCH(V$2, Volcado_Dist!$1:$1, 0))), 0) -> 0 | W6: =AVERAGE(C6:V6) -> 0.00026689205 | X6: =IFERROR(SUM(_xlfn.XLOOKUP($B6, Volcado_Vend!$A:$A, Volcado_Vend!$C:$ZZ, 0)) / SUM(Volcado_Vend!$C:$ZZ), 0) -> 0 | Y6: =AVERAGE(W6:X6) -> 0.00013344602
B7: BARONIE | C7: =IFERROR(INDEX(Volcado_Dist!$A:$ZZ, MATCH($B7, Volcado_Dist!$A:$A, 0), MATCH(C$2, Volcado_Dist!$1:$1, 0)) / SUM(INDEX(Volcado_Dist!$A:$ZZ, 0, MATCH(C$2, Volcado_Dist!$1:$1, 0))), 0) -> 0 | D7: =IFERROR(INDEX(Volcado_Dist!$A:$ZZ, MATCH($B7, Volcado_Dist!$A:$A, 0), MATCH(D$2, Volcado_Dist!$1:$1, 0)) / SUM(INDEX(Volcado_Dist!$A:$ZZ, 0, MATCH(D$2, Volcado_Dist!$1:$1, 0))), 0) -> 0 | E7: =IFERROR(INDEX(Volcado_Dist!$A:$ZZ, MATCH($B7, Volcado_Dist!$A:$A, 0), MATCH(E$2, Volcado_Dist!$1:$1, 0)) / SUM(INDEX(Volcado_Dist!$A:$ZZ, 0, MATCH(E$2, Volcado_Dist!$1:$1, 0))), 0) -> 0 | F7: =IFERROR(INDEX(Volcado_Dist!$A:$ZZ, MATCH($B7, Volcado_Dist!$A:$A, 0), MATCH(F$2, Volcado_Dist!$1:$1, 0)) / SUM(INDEX(Volcado_Dist!$A:$ZZ, 0, MATCH(F$2, Volcado_Dist!$1:$1, 0))), 0) -> 0 | G7: =IFERROR(INDEX(Volcado_Dist!$A:$ZZ, MATCH($B7, Volcado_Dist!$A:$A, 0), MATCH(G$2, Volcado_Dist!$1:$1, 0)) / SUM(INDEX(Volcado_Dist!$A:$ZZ, 0, MATCH(G$2, Volcado_Dist!$1:$1, 0))), 0) -> 0 | H7: =IFERROR(INDEX(Volcado_Dist!$A:$ZZ, MATCH($B7, Volcado_Dist!$A:$A, 0), MATCH(H$2, Volcado_Dist!$1:$1, 0)) / SUM(INDEX(Volcado_Dist!$A:$ZZ, 0, MATCH(H$2, Volcado_Dist!$1:$1, 0))), 0) -> 0 | I7: =IFERROR(INDEX(Volcado_Dist!$A:$ZZ, MATCH($B7, Volcado_Dist!$A:$A, 0), MATCH(I$2, Volcado_Dist!$1:$1, 0)) / SUM(INDEX(Volcado_Dist!$A:$ZZ, 0, MATCH(I$2, Volcado_Dist!$1:$1, 0))), 0) -> -2.0125086e-05 | J7: =IFERROR(INDEX(Volcado_Dist!$A:$ZZ, MATCH($B7, Volcado_Dist!$A:$A, 0), MATCH(J$2, Volcado_Dist!$1:$1, 0)) / SUM(INDEX(Volcado_Dist!$A:$ZZ, 0, MATCH(J$2, Volcado_Dist!$1:$1, 0))), 0) -> 0 | ... V7: =IFERROR(INDEX(Volcado_Dist!$A:$ZZ, MATCH($B7, Volcado_Dist!$A:$A, 0), MATCH(V$2, Volcado_Dist!$1:$1, 0)) / SUM(INDEX(Volcado_Dist!$A:$ZZ, 0, MATCH(V$2, Volcado_Dist!$1:$1, 0))), 0) -> 0 | W7: =AVERAGE(C7:V7) -> 2.1263431e-06 | X7: =IFERROR(SUM(_xlfn.XLOOKUP($B7, Volcado_Vend!$A:$A, Volcado_Vend!$C:$ZZ, 0)) / SUM(Volcado_Vend!$C:$ZZ), 0) -> 0.0001272345 | Y7: =AVERAGE(W7:X7) -> 6.4680422e-05
B8: BARKLEYS | C8: =IFERROR(INDEX(Volcado_Dist!$A:$ZZ, MATCH($B8, Volcado_Dist!$A:$A, 0), MATCH(C$2, Volcado_Dist!$1:$1, 0)) / SUM(INDEX(Volcado_Dist!$A:$ZZ, 0, MATCH(C$2, Volcado_Dist!$1:$1, 0))), 0) -> 0 | D8: =IFERROR(INDEX(Volcado_Dist!$A:$ZZ, MATCH($B8, Volcado_Dist!$A:$A, 0), MATCH(D$2, Volcado_Dist!$1:$1, 0)) / SUM(INDEX(Volcado_Dist!$A:$ZZ, 0, MATCH(D$2, Volcado_Dist!$1:$1, 0))), 0) -> 0 | E8: =IFERROR(INDEX(Volcado_Dist!$A:$ZZ, MATCH($B8, Volcado_Dist!$A:$A, 0), MATCH(E$2, Volcado_Dist!$1:$1, 0)) / SUM(INDEX(Volcado_Dist!$A:$ZZ, 0, MATCH(E$2, Volcado_Dist!$1:$1, 0))), 0) -> 0.0047991585 | F8: =IFERROR(INDEX(Volcado_Dist!$A:$ZZ, MATCH($B8, Volcado_Dist!$A:$A, 0), MATCH(F$2, Volcado_Dist!$1:$1, 0)) / SUM(INDEX(Volcado_Dist!$A:$ZZ, 0, MATCH(F$2, Volcado_Dist!$1:$1, 0))), 0) -> 0.0036211056 | G8: =IFERROR(INDEX(Volcado_Dist!$A:$ZZ, MATCH($B8, Volcado_Dist!$A:$A, 0), MATCH(G$2, Volcado_Dist!$1:$1, 0)) / SUM(INDEX(Volcado_Dist!$A:$ZZ, 0, MATCH(G$2, Volcado_Dist!$1:$1, 0))), 0) -> 0 | H8: =IFERROR(INDEX(Volcado_Dist!$A:$ZZ, MATCH($B8, Volcado_Dist!$A:$A, 0), MATCH(H$2, Volcado_Dist!$1:$1, 0)) / SUM(INDEX(Volcado_Dist!$A:$ZZ, 0, MATCH(H$2, Volcado_Dist!$1:$1, 0))), 0) -> 0 | I8: =IFERROR(INDEX(Volcado_Dist!$A:$ZZ, MATCH($B8, Volcado_Dist!$A:$A, 0), MATCH(I$2, Volcado_Dist!$1:$1, 0)) / SUM(INDEX(Volcado_Dist!$A:$ZZ, 0, MATCH(I$2, Volcado_Dist!$1:$1, 0))), 0) -> 0.0078967922 | J8: =IFERROR(INDEX(Volcado_Dist!$A:$ZZ, MATCH($B8, Volcado_Dist!$A:$A, 0), MATCH(J$2, Volcado_Dist!$1:$1, 0)) / SUM(INDEX(Volcado_Dist!$A:$ZZ, 0, MATCH(J$2, Volcado_Dist!$1:$1, 0))), 0) -> 0 | ... V8: =IFERROR(INDEX(Volcado_Dist!$A:$ZZ, MATCH($B8, Volcado_Dist!$A:$A, 0), MATCH(V$2, Volcado_Dist!$1:$1, 0)) / SUM(INDEX(Volcado_Dist!$A:$ZZ, 0, MATCH(V$2, Volcado_Dist!$1:$1, 0))), 0) -> 0.0033258712 | W8: =AVERAGE(C8:V8) -> 0.0027943604 | X8: =IFERROR(SUM(_xlfn.XLOOKUP($B8, Volcado_Vend!$A:$A, Volcado_Vend!$C:$ZZ, 0)) / SUM(Volcado_Vend!$C:$ZZ), 0) -> 0.0038249595 | Y8: =AVERAGE(W8:X8) -> 0.00330966
B9: Bavaria | C9: =IFERROR(INDEX(Volcado_Dist!$A:$ZZ, MATCH($B9, Volcado_Dist!$A:$A, 0), MATCH(C$2, Volcado_Dist!$1:$1, 0)) / SUM(INDEX(Volcado_Dist!$A:$ZZ, 0, MATCH(C$2, Volcado_Dist!$1:$1, 0))), 0) -> 0 | D9: =IFERROR(INDEX(Volcado_Dist!$A:$ZZ, MATCH($B9, Volcado_Dist!$A:$A, 0), MATCH(D$2, Volcado_Dist!$1:$1, 0)) / SUM(INDEX(Volcado_Dist!$A:$ZZ, 0, MATCH(D$2, Volcado_Dist!$1:$1, 0))), 0) -> 0 | E9: =IFERROR(INDEX(Volcado_Dist!$A:$ZZ, MATCH($B9, Volcado_Dist!$A:$A, 0), MATCH(E$2, Volcado_Dist!$1:$1, 0)) / SUM(INDEX(Volcado_Dist!$A:$ZZ, 0, MATCH(E$2, Volcado_Dist!$1:$1, 0))), 0) -> 0.0022990195 | F9: =IFERROR(INDEX(Volcado_Dist!$A:$ZZ, MATCH($B9, Volcado_Dist!$A:$A, 0), MATCH(F$2, Volcado_Dist!$1:$1, 0)) / SUM(INDEX(Volcado_Dist!$A:$ZZ, 0, MATCH(F$2, Volcado_Dist!$1:$1, 0))), 0) -> 0 | G9: =IFERROR(INDEX(Volcado_Dist!$A:$ZZ, MATCH($B9, Volcado_Dist!$A:$A, 0), MATCH(G$2, Volcado_Dist!$1:$1, 0)) / SUM(INDEX(Volcado_Dist!$A:$ZZ, 0, MATCH(G$2, Volcado_Dist!$1:$1, 0))), 0) -> 0 | H9: =IFERROR(INDEX(Volcado_Dist!$A:$ZZ, MATCH($B9, Volcado_Dist!$A:$A, 0), MATCH(H$2, Volcado_Dist!$1:$1, 0)) / SUM(INDEX(Volcado_Dist!$A:$ZZ, 0, MATCH(H$2, Volcado_Dist!$1:$1, 0))), 0) -> 0 | I9: =IFERROR(INDEX(Volcado_Dist!$A:$ZZ, MATCH($B9, Volcado_Dist!$A:$A, 0), MATCH(I$2, Volcado_Dist!$1:$1, 0)) / SUM(INDEX(Volcado_Dist!$A:$ZZ, 0, MATCH(I$2, Volcado_Dist!$1:$1, 0))), 0) -> 0 | J9: =IFERROR(INDEX(Volcado_Dist!$A:$ZZ, MATCH($B9, Volcado_Dist!$A:$A, 0), MATCH(J$2, Volcado_Dist!$1:$1, 0)) / SUM(INDEX(Volcado_Dist!$A:$ZZ, 0, MATCH(J$2, Volcado_Dist!$1:$1, 0))), 0) -> 0 | ... V9: =IFERROR(INDEX(Volcado_Dist!$A:$ZZ, MATCH($B9, Volcado_Dist!$A:$A, 0), MATCH(V$2, Volcado_Dist!$1:$1, 0)) / SUM(INDEX(Volcado_Dist!$A:$ZZ, 0, MATCH(V$2, Volcado_Dist!$1:$1, 0))), 0) -> 0 | W9: =AVERAGE(C9:V9) -> 0.00014207754 | X9: =IFERROR(SUM(_xlfn.XLOOKUP($B9, Volcado_Vend!$A:$A, Volcado_Vend!$C:$ZZ, 0)) / SUM(Volcado_Vend!$C:$ZZ), 0) -> 0.038929846 | Y9: =AVERAGE(W9:X9) -> 0.019535962
B10: Bebeto | C10: =IFERROR(INDEX(Volcado_Dist!$A:$ZZ, MATCH($B10, Volcado_Dist!$A:$A, 0), MATCH(C$2, Volcado_Dist!$1:$1, 0)) / SUM(INDEX(Volcado_Dist!$A:$ZZ, 0, MATCH(C$2, Volcado_Dist!$1:$1, 0))), 0) -> 0.024430999 | D10: =IFERROR(INDEX(Volcado_Dist!$A:$ZZ, MATCH($B10, Volcado_Dist!$A:$A, 0), MATCH(D$2, Volcado_Dist!$1:$1, 0)) / SUM(INDEX(Volcado_Dist!$A:$ZZ, 0, MATCH(D$2, Volcado_Dist!$1:$1, 0))), 0) -> 0.076017928 | E10: =IFERROR(INDEX(Volcado_Dist!$A:$ZZ, MATCH($B10, Volcado_Dist!$A:$A, 0), MATCH(E$2, Volcado_Dist!$1:$1, 0)) / SUM(INDEX(Volcado_Dist!$A:$ZZ, 0, MATCH(E$2, Volcado_Dist!$1:$1, 0))), 0) -> 0.010008512 | F10: =IFERROR(INDEX(Volcado_Dist!$A:$ZZ, MATCH($B10, Volcado_Dist!$A:$A, 0), MATCH(F$2, Volcado_Dist!$1:$1, 0)) / SUM(INDEX(Volcado_Dist!$A:$ZZ, 0, MATCH(F$2, Volcado_Dist!$1:$1, 0))), 0) -> 0.015401676 | G10: =IFERROR(INDEX(Volcado_Dist!$A:$ZZ, MATCH($B10, Volcado_Dist!$A:$A, 0), MATCH(G$2, Volcado_Dist!$1:$1, 0)) / SUM(INDEX(Volcado_Dist!$A:$ZZ, 0, MATCH(G$2, Volcado_Dist!$1:$1, 0))), 0) -> 0.021054053 | H10: =IFERROR(INDEX(Volcado_Dist!$A:$ZZ, MATCH($B10, Volcado_Dist!$A:$A, 0), MATCH(H$2, Volcado_Dist!$1:$1, 0)) / SUM(INDEX(Volcado_Dist!$A:$ZZ, 0, MATCH(H$2, Volcado_Dist!$1:$1, 0))), 0) -> 0 | I10: =IFERROR(INDEX(Volcado_Dist!$A:$ZZ, MATCH($B10, Volcado_Dist!$A:$A, 0), MATCH(I$2, Volcado_Dist!$1:$1, 0)) / SUM(INDEX(Volcado_Dist!$A:$ZZ, 0, MATCH(I$2, Volcado_Dist!$1:$1, 0))), 0) -> 0.0080454775 | J10: =IFERROR(INDEX(Volcado_Dist!$A:$ZZ, MATCH($B10, Volcado_Dist!$A:$A, 0), MATCH(J$2, Volcado_Dist!$1:$1, 0)) / SUM(INDEX(Volcado_Dist!$A:$ZZ, 0, MATCH(J$2, Volcado_Dist!$1:$1, 0))), 0) -> 0 | ... V10: =IFERROR(INDEX(Volcado_Dist!$A:$ZZ, MATCH($B10, Volcado_Dist!$A:$A, 0), MATCH(V$2, Volcado_Dist!$1:$1, 0)) / SUM(INDEX(Volcado_Dist!$A:$ZZ, 0, MATCH(V$2, Volcado_Dist!$1:$1, 0))), 0) -> 0.0061460439 | W10: =AVERAGE(C10:V10) -> 0.01483602 | X10: =IFERROR(SUM(_xlfn.XLOOKUP($B10, Volcado_Vend!$A:$A, Volcado_Vend!$C:$ZZ, 0)) / SUM(Volcado_Vend!$C:$ZZ), 0) -> 0.00089268832 | Y10: =AVERAGE(W10:X10) -> 0.007864354
B11: BERGEN | C11: =IFERROR(INDEX(Volcado_Dist!$A:$ZZ, MATCH($B11, Volcado_Dist!$A:$A, 0), MATCH(C$2, Volcado_Dist!$1:$1, 0)) / SUM(INDEX(Volcado_Dist!$A:$ZZ, 0, MATCH(C$2, Volcado_Dist!$1:$1, 0))), 0) -> 0 | D11: =IFERROR(INDEX(Volcado_Dist!$A:$ZZ, MATCH($B11, Volcado_Dist!$A:$A, 0), MATCH(D$2, Volcado_Dist!$1:$1, 0)) / SUM(INDEX(Volcado_Dist!$A:$ZZ, 0, MATCH(D$2, Volcado_Dist!$1:$1, 0))), 0) -> 0 | E11: =IFERROR(INDEX(Volcado_Dist!$A:$ZZ, MATCH($B11, Volcado_Dist!$A:$A, 0), MATCH(E$2, Volcado_Dist!$1:$1, 0)) / SUM(INDEX(Volcado_Dist!$A:$ZZ, 0, MATCH(E$2, Volcado_Dist!$1:$1, 0))), 0) -> -0.00015769071 | F11: =IFERROR(INDEX(Volcado_Dist!$A:$ZZ, MATCH($B11, Volcado_Dist!$A:$A, 0), MATCH(F$2, Volcado_Dist!$1:$1, 0)) / SUM(INDEX(Volcado_Dist!$A:$ZZ, 0, MATCH(F$2, Volcado_Dist!$1:$1, 0))), 0) -> 0 | G11: =IFERROR(INDEX(Volcado_Dist!$A:$ZZ, MATCH($B11, Volcado_Dist!$A:$A, 0), MATCH(G$2, Volcado_Dist!$1:$1, 0)) / SUM(INDEX(Volcado_Dist!$A:$ZZ, 0, MATCH(G$2, Volcado_Dist!$1:$1, 0))), 0) -> 0 | H11: =IFERROR(INDEX(Volcado_Dist!$A:$ZZ, MATCH($B11, Volcado_Dist!$A:$A, 0), MATCH(H$2, Volcado_Dist!$1:$1, 0)) / SUM(INDEX(Volcado_Dist!$A:$ZZ, 0, MATCH(H$2, Volcado_Dist!$1:$1, 0))), 0) -> 0 | I11: =IFERROR(INDEX(Volcado_Dist!$A:$ZZ, MATCH($B11, Volcado_Dist!$A:$A, 0), MATCH(I$2, Volcado_Dist!$1:$1, 0)) / SUM(INDEX(Volcado_Dist!$A:$ZZ, 0, MATCH(I$2, Volcado_Dist!$1:$1, 0))), 0) -> 0 | J11: =IFERROR(INDEX(Volcado_Dist!$A:$ZZ, MATCH($B11, Volcado_Dist!$A:$A, 0), MATCH(J$2, Volcado_Dist!$1:$1, 0)) / SUM(INDEX(Volcado_Dist!$A:$ZZ, 0, MATCH(J$2, Volcado_Dist!$1:$1, 0))), 0) -> 0 | ... V11: =IFERROR(INDEX(Volcado_Dist!$A:$ZZ, MATCH($B11, Volcado_Dist!$A:$A, 0), MATCH(V$2, Volcado_Dist!$1:$1, 0)) / SUM(INDEX(Volcado_Dist!$A:$ZZ, 0, MATCH(V$2, Volcado_Dist!$1:$1, 0))), 0) -> 0 | W11: =AVERAGE(C11:V11) -> -1.1062533e-05 | X11: =IFERROR(SUM(_xlfn.XLOOKUP($B11, Volcado_Vend!$A:$A, Volcado_Vend!$C:$ZZ, 0)) / SUM(Volcado_Vend!$C:$ZZ), 0) -> 0.00058998085 | Y11: =AVERAGE(W11:X11) -> 0.00028945916
B12: Bruggen | C12: =IFERROR(INDEX(Volcado_Dist!$A:$ZZ, MATCH($B12, Volcado_Dist!$A:$A, 0), MATCH(C$2, Volcado_Dist!$1:$1, 0)) / SUM(INDEX(Volcado_Dist!$A:$ZZ, 0, MATCH(C$2, Volcado_Dist!$1:$1, 0))), 0) -> 0.0089112179 | D12: =IFERROR(INDEX(Volcado_Dist!$A:$ZZ, MATCH($B12, Volcado_Dist!$A:$A, 0), MATCH(D$2, Volcado_Dist!$1:$1, 0)) / SUM(INDEX(Volcado_Dist!$A:$ZZ, 0, MATCH(D$2, Volcado_Dist!$1:$1, 0))), 0) -> 0 | E12: =IFERROR(INDEX(Volcado_Dist!$A:$ZZ, MATCH($B12, Volcado_Dist!$A:$A, 0), MATCH(E$2, Volcado_Dist!$1:$1, 0)) / SUM(INDEX(Volcado_Dist!$A:$ZZ, 0, MATCH(E$2, Volcado_Dist!$1:$1, 0))), 0) -> 0.00063817687 | F12: =IFERROR(INDEX(Volcado_Dist!$A:$ZZ, MATCH($B12, Volcado_Dist!$A:$A, 0), MATCH(F$2, Volcado_Dist!$1:$1, 0)) / SUM(INDEX(Volcado_Dist!$A:$ZZ, 0, MATCH(F$2, Volcado_Dist!$1:$1, 0))), 0) -> 0.0016253589 | G12: =IFERROR(INDEX(Volcado_Dist!$A:$ZZ, MATCH($B12, Volcado_Dist!$A:$A, 0), MATCH(G$2, Volcado_Dist!$1:$1, 0)) / SUM(INDEX(Volcado_Dist!$A:$ZZ, 0, MATCH(G$2, Volcado_Dist!$1:$1, 0))), 0) -> 0 | H12: =IFERROR(INDEX(Volcado_Dist!$A:$ZZ, MATCH($B12, Volcado_Dist!$A:$A, 0), MATCH(H$2, Volcado_Dist!$1:$1, 0)) / SUM(INDEX(Volcado_Dist!$A:$ZZ, 0, MATCH(H$2, Volcado_Dist!$1:$1, 0))), 0) -> 0 | I12: =IFERROR(INDEX(Volcado_Dist!$A:$ZZ, MATCH($B12, Volcado_Dist!$A:$A, 0), MATCH(I$2, Volcado_Dist!$1:$1, 0)) / SUM(INDEX(Volcado_Dist!$A:$ZZ, 0, MATCH(I$2, Volcado_Dist!$1:$1, 0))), 0) -> 0.0014996023 | J12: =IFERROR(INDEX(Volcado_Dist!$A:$ZZ, MATCH($B12, Volcado_Dist!$A:$A, 0), MATCH(J$2, Volcado_Dist!$1:$1, 0)) / SUM(INDEX(Volcado_Dist!$A:$ZZ, 0, MATCH(J$2, Volcado_Dist!$1:$1, 0))), 0) -> 0 | ... V12: =IFERROR(INDEX(Volcado_Dist!$A:$ZZ, MATCH($B12, Volcado_Dist!$A:$A, 0), MATCH(V$2, Volcado_Dist!$1:$1, 0)) / SUM(INDEX(Volcado_Dist!$A:$ZZ, 0, MATCH(V$2, Volcado_Dist!$1:$1, 0))), 0) -> 0.0030225312 | W12: =AVERAGE(C12:V12) -> 0.0010121712 | X12: =IFERROR(SUM(_xlfn.XLOOKUP($B12, Volcado_Vend!$A:$A, Volcado_Vend!$C:$ZZ, 0)) / SUM(Volcado_Vend!$C:$ZZ), 0) -> 0.0012670897 | Y12: =AVERAGE(W12:X12) -> 0.0011396304
B13: BIBS | C13: =IFERROR(INDEX(Volcado_Dist!$A:$ZZ, MATCH($B13, Volcado_Dist!$A:$A, 0), MATCH(C$2, Volcado_Dist!$1:$1, 0)) / SUM(INDEX(Volcado_Dist!$A:$ZZ, 0, MATCH(C$2, Volcado_Dist!$1:$1, 0))), 0) -> 0.0012394684 | D13: =IFERROR(INDEX(Volcado_Dist!$A:$ZZ, MATCH($B13, Volcado_Dist!$A:$A, 0), MATCH(D$2, Volcado_Dist!$1:$1, 0)) / SUM(INDEX(Volcado_Dist!$A:$ZZ, 0, MATCH(D$2, Volcado_Dist!$1:$1, 0))), 0) -> 0 | E13: =IFERROR(INDEX(Volcado_Dist!$A:$ZZ, MATCH($B13, Volcado_Dist!$A:$A, 0), MATCH(E$2, Volcado_Dist!$1:$1, 0)) / SUM(INDEX(Volcado_Dist!$A:$ZZ, 0, MATCH(E$2, Volcado_Dist!$1:$1, 0))), 0) -> 0.0048989627 | F13: =IFERROR(INDEX(Volcado_Dist!$A:$ZZ, MATCH($B13, Volcado_Dist!$A:$A, 0), MATCH(F$2, Volcado_Dist!$1:$1, 0)) / SUM(INDEX(Volcado_Dist!$A:$ZZ, 0, MATCH(F$2, Volcado_Dist!$1:$1, 0))), 0) -> 0.0090934783 | G13: =IFERROR(INDEX(Volcado_Dist!$A:$ZZ, MATCH($B13, Volcado_Dist!$A:$A, 0), MATCH(G$2, Volcado_Dist!$1:$1, 0)) / SUM(INDEX(Volcado_Dist!$A:$ZZ, 0, MATCH(G$2, Volcado_Dist!$1:$1, 0))), 0) -> 0 | H13: =IFERROR(INDEX(Volcado_Dist!$A:$ZZ, MATCH($B13, Volcado_Dist!$A:$A, 0), MATCH(H$2, Volcado_Dist!$1:$1, 0)) / SUM(INDEX(Volcado_Dist!$A:$ZZ, 0, MATCH(H$2, Volcado_Dist!$1:$1, 0))), 0) -> 0 | I13: =IFERROR(INDEX(Volcado_Dist!$A:$ZZ, MATCH($B13, Volcado_Dist!$A:$A, 0), MATCH(I$2, Volcado_Dist!$1:$1, 0)) / SUM(INDEX(Volcado_Dist!$A:$ZZ, 0, MATCH(I$2, Volcado_Dist!$1:$1, 0))), 0) -> 0.0022871201 | J13: =IFERROR(INDEX(Volcado_Dist!$A:$ZZ, MATCH($B13, Volcado_Dist!$A:$A, 0), MATCH(J$2, Volcado_Dist!$1:$1, 0)) / SUM(INDEX(Volcado_Dist!$A:$ZZ, 0, MATCH(J$2, Volcado_Dist!$1:$1, 0))), 0) -> 0 | ... V13: =IFERROR(INDEX(Volcado_Dist!$A:$ZZ, MATCH($B13, Volcado_Dist!$A:$A, 0), MATCH(V$2, Volcado_Dist!$1:$1, 0)) / SUM(INDEX(Volcado_Dist!$A:$ZZ, 0, MATCH(V$2, Volcado_Dist!$1:$1, 0))), 0) -> 0.0099614013 | W13: =AVERAGE(C13:V13) -> 0.0048133823 | X13: =IFERROR(SUM(_xlfn.XLOOKUP($B13, Volcado_Vend!$A:$A, Volcado_Vend!$C:$ZZ, 0)) / SUM(Volcado_Vend!$C:$ZZ), 0) -> 0.0064722807 | Y13: =AVERAGE(W13:X13) -> 0.0056428315
B14: Bolero | C14: =IFERROR(INDEX(Volcado_Dist!$A:$ZZ, MATCH($B14, Volcado_Dist!$A:$A, 0), MATCH(C$2, Volcado_Dist!$1:$1, 0)) / SUM(INDEX(Volcado_Dist!$A:$ZZ, 0, MATCH(C$2, Volcado_Dist!$1:$1, 0))), 0) -> 0.0033600804 | D14: =IFERROR(INDEX(Volcado_Dist!$A:$ZZ, MATCH($B14, Volcado_Dist!$A:$A, 0), MATCH(D$2, Volcado_Dist!$1:$1, 0)) / SUM(INDEX(Volcado_Dist!$A:$ZZ, 0, MATCH(D$2, Volcado_Dist!$1:$1, 0))), 0) -> 0 | E14: =IFERROR(INDEX(Volcado_Dist!$A:$ZZ, MATCH($B14, Volcado_Dist!$A:$A, 0), MATCH(E$2, Volcado_Dist!$1:$1, 0)) / SUM(INDEX(Volcado_Dist!$A:$ZZ, 0, MATCH(E$2, Volcado_Dist!$1:$1, 0))), 0) -> 0.0017693867 | F14: =IFERROR(INDEX(Volcado_Dist!$A:$ZZ, MATCH($B14, Volcado_Dist!$A:$A, 0), MATCH(F$2, Volcado_Dist!$1:$1, 0)) / SUM(INDEX(Volcado_Dist!$A:$ZZ, 0, MATCH(F$2, Volcado_Dist!$1:$1, 0))), 0) -> 0.0004385422 | G14: =IFERROR(INDEX(Volcado_Dist!$A:$ZZ, MATCH($B14, Volcado_Dist!$A:$A, 0), MATCH(G$2, Volcado_Dist!$1:$1, 0)) / SUM(INDEX(Volcado_Dist!$A:$ZZ, 0, MATCH(G$2, Volcado_Dist!$1:$1, 0))), 0) -> 0 | H14: =IFERROR(INDEX(Volcado_Dist!$A:$ZZ, MATCH($B14, Volcado_Dist!$A:$A, 0), MATCH(H$2, Volcado_Dist!$1:$1, 0)) / SUM(INDEX(Volcado_Dist!$A:$ZZ, 0, MATCH(H$2, Volcado_Dist!$1:$1, 0))), 0) -> 0 | I14: =IFERROR(INDEX(Volcado_Dist!$A:$ZZ, MATCH($B14, Volcado_Dist!$A:$A, 0), MATCH(I$2, Volcado_Dist!$1:$1, 0)) / SUM(INDEX(Volcado_Dist!$A:$ZZ, 0, MATCH(I$2, Volcado_Dist!$1:$1, 0))), 0) -> 0.00085475276 | J14: =IFERROR(INDEX(Volcado_Dist!$A:$ZZ, MATCH($B14, Volcado_Dist!$A:$A, 0), MATCH(J$2, Volcado_Dist!$1:$1, 0)) / SUM(INDEX(Volcado_Dist!$A:$ZZ, 0, MATCH(J$2, Volcado_Dist!$1:$1, 0))), 0) -> 0 | ... V14: =IFERROR(INDEX(Volcado_Dist!$A:$ZZ, MATCH($B14, Volcado_Dist!$A:$A, 0), MATCH(V$2, Volcado_Dist!$1:$1, 0)) / SUM(INDEX(Volcado_Dist!$A:$ZZ, 0, MATCH(V$2, Volcado_Dist!$1:$1, 0))), 0) -> 0.0026085264 | W14: =AVERAGE(C14:V14) -> 0.0010323505 | X14: =IFERROR(SUM(_xlfn.XLOOKUP($B14, Volcado_Vend!$A:$A, Volcado_Vend!$C:$ZZ, 0)) / SUM(Volcado_Vend!$C:$ZZ), 0) -> 0.0022621741 | Y14: =AVERAGE(W14:X14) -> 0.0016472623
... B128: WRIGLEY`S | C128: =IFERROR(INDEX(Volcado_Dist!$A:$ZZ, MATCH($B128, Volcado_Dist!$A:$A, 0), MATCH(C$2, Volcado_Dist!$1:$1, 0)) / SUM(INDEX(Volcado_Dist!$A:$ZZ, 0, MATCH(C$2, Volcado_Dist!$1:$1, 0))), 0) -> 0.011987099 | D128: =IFERROR(INDEX(Volcado_Dist!$A:$ZZ, MATCH($B128, Volcado_Dist!$A:$A, 0), MATCH(D$2, Volcado_Dist!$1:$1, 0)) / SUM(INDEX(Volcado_Dist!$A:$ZZ, 0, MATCH(D$2, Volcado_Dist!$1:$1, 0))), 0) -> 0 | E128: =IFERROR(INDEX(Volcado_Dist!$A:$ZZ, MATCH($B128, Volcado_Dist!$A:$A, 0), MATCH(E$2, Volcado_Dist!$1:$1, 0)) / SUM(INDEX(Volcado_Dist!$A:$ZZ, 0, MATCH(E$2, Volcado_Dist!$1:$1, 0))), 0) -> 0.020847111 | F128: =IFERROR(INDEX(Volcado_Dist!$A:$ZZ, MATCH($B128, Volcado_Dist!$A:$A, 0), MATCH(F$2, Volcado_Dist!$1:$1, 0)) / SUM(INDEX(Volcado_Dist!$A:$ZZ, 0, MATCH(F$2, Volcado_Dist!$1:$1, 0))), 0) -> 0.018344353 | G128: =IFERROR(INDEX(Volcado_Dist!$A:$ZZ, MATCH($B128, Volcado_Dist!$A:$A, 0), MATCH(G$2, Volcado_Dist!$1:$1, 0)) / SUM(INDEX(Volcado_Dist!$A:$ZZ, 0, MATCH(G$2, Volcado_Dist!$1:$1, 0))), 0) -> 0 | H128: =IFERROR(INDEX(Volcado_Dist!$A:$ZZ, MATCH($B128, Volcado_Dist!$A:$A, 0), MATCH(H$2, Volcado_Dist!$1:$1, 0)) / SUM(INDEX(Volcado_Dist!$A:$ZZ, 0, MATCH(H$2, Volcado_Dist!$1:$1, 0))), 0) -> 0 | I128: =IFERROR(INDEX(Volcado_Dist!$A:$ZZ, MATCH($B128, Volcado_Dist!$A:$A, 0), MATCH(I$2, Volcado_Dist!$1:$1, 0)) / SUM(INDEX(Volcado_Dist!$A:$ZZ, 0, MATCH(I$2, Volcado_Dist!$1:$1, 0))), 0) -> 0.016094924 | J128: =IFERROR(INDEX(Volcado_Dist!$A:$ZZ, MATCH($B128, Volcado_Dist!$A:$A, 0), MATCH(J$2, Volcado_Dist!$1:$1, 0)) / SUM(INDEX(Volcado_Dist!$A:$ZZ, 0, MATCH(J$2, Volcado_Dist!$1:$1, 0))), 0) -> 0 | ... V128: =IFERROR(INDEX(Volcado_Dist!$A:$ZZ, MATCH($B128, Volcado_Dist!$A:$A, 0), MATCH(V$2, Volcado_Dist!$1:$1, 0)) / SUM(INDEX(Volcado_Dist!$A:$ZZ, 0, MATCH(V$2, Volcado_Dist!$1:$1, 0))), 0) -> 0.015002347 | W128: =AVERAGE(C128:V128) -> 0.012818839 | X128: =IFERROR(SUM(_xlfn.XLOOKUP($B128, Volcado_Vend!$A:$A, Volcado_Vend!$C:$ZZ, 0)) / SUM(Volcado_Vend!$C:$ZZ), 0) -> 0.0032036541 | Y128: =AVERAGE(W128:X128) -> 0.0080112465
B129: Total | C129: =SUM(C3:C128) -> 0.99537793 | D129: =SUM(D3:D128) -> 1 | E129: =SUM(E3:E128) -> 1 | F129: =SUM(F3:F128) -> 1 | G129: =SUM(G3:G128) -> 1 | H129: =SUM(H3:H128) -> 1 | I129: =SUM(I3:I128) -> 0.9977439 | J129: =SUM(J3:J128) -> 1 | ... X129: =SUM(X3:X128) -> 1

Sheet Volcado_Dist
A1: Marca | B1: Año | C1: 033422;COMBINADOS SRL | D1: 033613;CORREA GULARTE KATIA | E1: 033897;BUGAIOV AZURICA ALVARO MARTIN | F1: 034287;QUESERIA AGUILERA SAS | G1: 034999;ACAMAR S.A. | H1: 035244;RINAKOLL S.A. | I1: 035572;PEREZ MAUTINO OSCAR SEBASTIAN | J1: 036380;LASA ANDRES | K1: 036512;AGUILERA FERNANDO | L1: 036565;ANIBAL VAZQUEZ S.A. | M1: 036633;GRUPOPANAL SAS | N1: 036636;LEIZA HERMAN WILSON RAUL | O1: 036781;DARDY S.A. | P1: 036991;CAMPOFRIO SRL | Q1: 037040;GORMAT S.A. | R1: 037175;MATTEO BRITOS GONZALO FEDERICO | S1: 037218;VAMOS QUE VAMOS S EN C | T1: 037290;CAMPO URBANO SRL | U1: 037606;BAINEPES S.A. | V1: 037833;LEAL DISTRIBUCION SAS | W1: 038092;DISTRIBUIDORA SCAGNEGATTI SAS | X1: 038311;FRIGUS SAS | Y1: 038513;GARCIA RIEIRO NICOLAS
A2: Adler | B2: 2026 | C2: 0 | D2: 0 | E2: 0 | F2: 0 | G2: 0 | H2: 6006 | I2: 0 | J2: 0 | K2: 7276.5 | L2: 0 | M2: 0 | N2: 0 | O2: 0 | P2: 0 | Q2: 0 | R2: 577.5 | S2: 0 | T2: 0 | U2: 0 | V2: 0 | W2: 0 | X2: 0 | Y2: 7969.5
A3: ALFREDO | B3: 2026 | C3: 10632.16 | D3: 0 | E3: 35418.46 | F3: 0 | G3: 0 | H3: 33632.06 | I3: 0 | J3: 0 | K3: 25279.1 | L3: 0 | M3: 48009.25 | N3: -3461.15 | O3: 8848.84 | P3: 0 | Q3: 22134.42 | R3: 40205.55 | S3: 0 | T3: 1573.11 | U3: 25748.03 | V3: 0 | W3: 4207.28 | X3: -1438.36 | Y3: 52003.49
A4: Arizona International LLC | B4: 2026 | C4: 0 | D4: 0 | E4: 8731.8 | F4: 0 | G4: 0 | H4: -586.74 | I4: 0 | J4: 0 | K4: 16911.51 | L4: 0 | M4: 23291.73 | N4: 0 | O4: 1755.6 | P4: 0 | Q4: -341.88 | R4: 6909.21 | S4: -251.79 | T4: 0 | U4: 1975.05 | V4: 0 | W4: 0 | X4: 0 | Y4: 1755.6
A5: ASURIN | B5: 2026 | C5: 6826.82 | D5: 0 | E5: 0 | F5: 0 | G5: 0 | H5: -2.2737368e-13 | I5: 0 | J5: 0 | K5: 3157 | L5: 0 | M5: 23398.76 | N5: 0 | O5: 0 | P5: 0 | Q5: 0 | R5: 23759.12 | S5: 0 | T5: 0 | U5: 0 | V5: 117.04 | W5: 0 | X5: 0 | Y5: 0
A6: BARONIE | B6: 2026 | C6: 0 | D6: 0 | E6: 0 | F6: 0 | G6: 0 | H6: 0 | I6: 0 | J6: 0 | K6: -437.05 | L6: 0 | M6: 1593.9 | N6: 0 | O6: 0 | P6: 0 | Q6: 0 | R6: 0 | S6: 0 | T6: 0 | U6: 0 | V6: 0 | W6: 0 | X6: 0 | Y6: 0
A7: BARKLEYS | B7: 2026 | C7: 0 | D7: 0 | E7: 25918.2 | F7: 0 | G7: 0 | H7: 29373.96 | I7: 0 | J7: 0 | K7: 171492.09 | L7: 0 | M7: 102376.89 | N7: 0 | O7: -3023.79 | P7: 0 | Q7: 1295.91 | R7: 63067.62 | S7: 33693.66 | T7: 0 | U7: 9071.37 | V7: 28941.99 | W7: 0 | X7: 3455.76 | Y7: 25918.2
A8: Bavaria | B8: 2026 | C8: 0 | D8: 0 | E8: 12416.02 | F8: 403535.21 | G8: 66793.49 | H8: 0 | I8: 0 | J8: 0 | K8: 0 | L8: 0 | M8: 0 | N8: 0 | O8: 0 | P8: 0 | Q8: 0 | R8: 4942.78 | S8: 0 | T8: 0 | U8: 0 | V8: 0 | W8: 0 | X8: 0 | Y8: 0
A9: Bebeto | B9: 2026 | C9: 100977.01 | D9: 42559.3 | E9: 54051.69 | F9: 0 | G9: 0 | H9: 124936.49 | I9: 52378.75 | J9: 0 | K9: 174721.04 | L9: 0 | M9: 451438.59 | N9: 79932.9 | O9: -6934.43 | P9: 0 | Q9: 10203.33 | R9: 75391.03 | S9: 54.08 | T9: 10886.26 | U9: 126326.2 | V9: 101593.02 | W9: 13442.02 | X9: 0 | Y9: 47895.54
A10: BERGEN | B10: 2026 | C10: 0 | D10: 0 | E10: -851.62 | F10: 0 | G10: 0 | H10: 0 | I10: 0 | J10: 0 | K10: 0 | L10: 0 | M10: -1617 | N10: 0 | O10: 0 | P10: 0 | Q10: 0 | R10: 0 | S10: 0 | T10: 0 | U10: 0 | V10: 0 | W10: 0 | X10: -20860.07 | Y10: 0
A11: Bruggen | B11: 2026 | C11: 36831.41 | D11: 0 | E11: 3446.52 | F11: 0 | G11: 0 | H11: 13184.71 | I11: 0 | J11: 0 | K11: 32566.38 | L11: 0 | M11: 24008.6 | N11: 7718.48 | O11: 2745.82 | P11: 0 | Q11: 0 | R11: 314.16 | S11: 0 | T11: 0 | U11: 0 | V11: -60.83 | W11: 0 | X11: 0 | Y11: 23554.3
A12: BIBS | B12: 2026 | C12: 5122.91 | D12: 0 | E12: 26457.2 | F12: 0 | G12: 0 | H12: 73765.17 | I12: 0 | J12: 0 | K12: 49668.65 | L12: 0 | M12: 190883.99 | N12: 61574.87 | O12: -3954.2 | P12: 0 | Q12: 16076.91 | R12: 14434.68 | S12: 15891.73 | T12: 1096.48 | U12: 110478.81 | V12: 107875.87 | W12: -1287.35 | X12: -1336.03 | Y12: 77628.26
A13: Bolero | B13: 2026 | C13: 13887.72 | D13: 0 | E13: 9555.7 | F13: 0 | G13: 0 | H13: 3557.4 | I13: 0 | J13: 0 | K13: 18562.39 | L13: 0 | M13: 53516.54 | N13: 2286.9 | O13: -200.97 | P13: 0 | Q13: 9988.44 | R13: 3896.2 | S13: 0 | T13: 0 | U13: 5142.06 | V13: 0 | W13: 0 | X13: 0 | Y13: 20328
... A129: WRIGLEY`S | B129: 2026 | C129: 49544.49 | D129: 0 | E129: 112586.32 | F129: 0 | G129: 0 | H129: 148807.12 | I129: 0 | J129: 0 | K129: 349528.27 | L129: 0 | M129: 422225.93 | N129: 30787.68 | O129: 33239.36 | P129: 0 | Q129: 14365.12 | R129: 163387.84 | S129: 14488.32 | T129: 9960.72 | U129: 110124.19 | V129: 49218.4 | W129: 19317.76 | X129: 2772 | Y129: 116911.87

Sheet Volcado_Vend
A1: Marca | B1: Año | C1: BALZARINI NACERE ROBERTO PABLO | D1: BIANCHI GAMBA JUAN EDUARDO | E1: CANCELA SOBA GUSTAVO ENRIQUE | F1: SCHMIDT ECHEVARRIA JOSE MARTIN | G1: MENESES OSUNA ISAAC BERNABE | H1: CELLE ROSA MARIO SEBASTIAN | I1: IRIGOITIA GIMENEZ MARIA SILVIA | J1: FONTAINA MONTENEGRO LUIS MANUEL | K1: MENDIBERRY PEREZ RUBEN ANDRES | L1: PALADINO ALBIN DAMIAN EZEQUIEL | M1: AGUETE PIZZI SERGIO MATHIAS
A2: ALFREDO | B2: 2026 | C2: 0 | D2: 4698.9 | E2: 0 | F2: 0 | G2: -467 | H2: 0 | I2: 1634.4 | J2: 805.5 | K2: 0 | L2: 0 | M2: 37.15
A3: Arizona International LLC | B3: 2026 | C3: 0 | D3: 0 | E3: 0 | F3: 0 | G3: 0 | H3: 4769 | I3: 1940.4 | J3: 3466.8 | K3: 0 | L3: 0 | M3: 20100.05
A4: BARONIE | B4: 2026 | C4: 0 | D4: 0 | E4: 0 | F4: 0 | G4: 460 | H4: 0 | I4: 0 | J4: 0 | K4: 0 | L4: 0 | M4: 0
A5: BARKLEYS | B5: 2026 | C5: 0 | D5: 4039.2 | E5: 0 | F5: 0 | G5: 0 | H5: 1598.85 | I5: 504.9 | J5: 5553.9 | K5: 0 | L5: 0 | M5: 2131.8
A6: Bavaria | B6: 2026 | C6: 98867.45 | D6: 0 | E6: 41878.41 | F6: 0 | G6: 0 | H6: 0 | I6: 0 | J6: 0 | K6: 0 | L6: 0 | M6: 0
A7: Bebeto | B7: 2026 | C7: 0 | D7: 2478.6 | E7: 0 | F7: 0 | G7: 0 | H7: 748.8 | I7: 0 | J7: 0 | K7: 0 | L7: 0 | M7: 0
A8: BERGEN | B8: 2026 | C8: 0 | D8: 0 | E8: 0 | F8: 0 | G8: 0 | H8: 0 | I8: 0 | J8: 2133 | K8: 0 | L8: 0 | M8: 0
A9: Bruggen | B9: 2026 | C9: 0 | D9: 0 | E9: 0 | F9: 0 | G9: 0 | H9: 1573.2 | I9: 0 | J9: 3007.8 | K9: 0 | L9: 0 | M9: 0
A10: BIBS | B10: 2026 | C10: 0 | D10: 10737.9 | E10: 0 | F10: 0 | G10: 0 | H10: 6577.8 | I10: 0 | J10: 475.2 | K10: 0 | L10: 0 | M10: 5608.8
A11: Bolero | B11: 2026 | C11: 0 | D11: 1485 | E11: 0 | F11: 0 | G11: 1000 | H11: 2648.6 | I11: 646 | J11: 594 | K11: 969 | L11: 0 | M11: 836
A12: Bornier | B12: 2026 | C12: 0 | D12: 19729.59 | E12: 0 | F12: 0 | G12: 15036.48 | H12: 11073.9 | I12: 268.2 | J12: 8118.9 | K12: 5662.8 | L12: 0 | M12: 17427.6
A13: Cavendish | B13: 2026 | C13: 0 | D13: 2114.7 | E13: 0 | F13: 0 | G13: 954 | H13: 2416.8 | I13: 5346 | J13: 11098.8 | K13: 6477.3 | L13: 0 | M13: 6931.2
... A103: WRIGLEY`S | B103: 2026 | C103: 0 | D103: 2822.4 | E103: 0 | F103: 0 | G103: 0 | H103: 1140 | I103: 1620 | J103: 4860 | K103: 0 | L103: 0 | M103: 1140

Sheet Vendedores
A2: CÓDIGO DISTRIBUIDOR | B2: DISTRIBUIDOR | C2: CÓDIGO Y DISTRIBUIDOR | D2: VENDEDOR
A3: 33422 | B3: COMBINADOS SRL | C3: 033422;COMBINADOS SRL | D3: Manuel Fontaina
A4: 33613 | B4: CORREA GULARTE KATIA | C4: 033613;CORREA GULARTE KATIA | D4: Andres Mendiberry
A5: 33897 | B5: BUGAIOV AZURICA ALVARO MARTIN | C5: 033897;BUGAIOV AZURICA ALVARO MARTIN | D5: Andres Mendiberry
A6: 35244 | B6: RINAKOLL S.A. | C6: 035244;RINAKOLL S.A. | D6: Isaac Meneses
A7: 35572 | B7: PEREZ MAUTINO OSCAR SEBASTIAN | C7: 035572;PEREZ MAUTINO OSCAR SEBASTIAN | D7: Isaac Meneses
A8: 36380 | B8: LASA ANDRES | C8: 036380;LASA ANDRES | D8: Manuel Fontaina
A9: 36512 | B9: AGUILERA FERNANDO | C9: 036512;AGUILERA FERNANDO | D9: Isaac Meneses
A10: 36565 | B10: ANIBAL VAZQUEZ S.A. | C10: 036565;ANIBAL VAZQUEZ S.A. | D10: Manuel Fontaina
A11: 36633 | B11: GRUPOPANAL SAS | C11: 036633;GRUPOPANAL SAS | D11: Isaac Meneses
A12: 36636 | B12: LEIZA HERMAN WILSON RAUL | C12: 036636;LEIZA HERMAN WILSON RAUL | D12: Manuel Fontaina
A13: 36781 | B13: DARDY S.A. | C13: 036781;DARDY S.A. | D13: Manuel Fontaina
A14: 36991 | B14: CAMPOFRIO SRL | C14: 036991;CAMPOFRIO SRL | D14: Andres Mendiberry
... A22: 38513 | B22: GARCIA RIEIRO NICOLAS | C22: 038513;GARCIA RIEIRO NICOLAS | D22: Manuel Fontaina

Sheet Credenciales
A1: [credenciales]
A2: admin = {pass = "gerencia2026", rol = "gerencia"}
A3: 033422 = {pass = "dist1234", rol = "distribuidor"}
A4: 033613 = {pass = "dist1234", rol = "distribuidor"}
A5: 033897 = {pass = "dist1234", rol = "distribuidor"}
A6: 035244 = {pass = "dist1234", rol = "distribuidor"}
A7: 035572 = {pass = "dist1234", rol = "distribuidor"}
A8: 036380 = {pass = "dist1234", rol = "distribuidor"}
A9: 036512 = {pass = "dist1234", rol = "distribuidor"}
A10: 036565 = {pass = "dist1234", rol = "distribuidor"}
A11: 036633 = {pass = "dist1234", rol = "distribuidor"}
A12: 036636 = {pass = "dist1234", rol = "distribuidor"}
... A22: 038513 = {pass = "dist1234", rol = "distribuidor"}

Sheet Importe $ (Distribuidores)
C1: Medidas | D1: Cliente
C2: Medidas | D2: cliente
A3: Fecha Calendario | B3: Marca | C3: Importe $
A4: Año | B4: Marca | C4: 033422;COMBINADOS SRL | D4: 033613;CORREA GULARTE KATIA | E4: 033897;BUGAIOV AZURICA ALVARO MARTIN | F4: 035244;RINAKOLL S.A. | G4: 035572;PEREZ MAUTINO OSCAR SEBASTIAN | H4: 036380;LASA ANDRES | I4: 036512;AGUILERA FERNANDO | J4: 036565;ANIBAL VAZQUEZ S.A. | K4: 036633;GRUPOPANAL SAS | L4: 036636;LEIZA HERMAN WILSON RAUL | M4: 036781;DARDY S.A. | N4: 036991;CAMPOFRIO SRL | O4: 037040;GORMAT S.A. | P4: 037175;MATTEO BRITOS GONZALO FEDERICO | Q4: 037218;VAMOS QUE VAMOS S EN C | R4: 037290;CAMPO URBANO SRL | S4: 037606;BAINEPES S.A. | T4: 037833;LEAL DISTRIBUCION SAS | U4: 038092;DISTRIBUIDORA SCAGNEGATTI SAS | V4: 038513;GARCIA RIEIRO NICOLAS
A5: 2026 | B5: Adler | C5: 0 | D5: 0 | E5: 0 | F5: 6006 | G5: 0 | H5: 0 | I5: 6930 | J5: 0 | K5: 0 | L5: 0 | M5: 0 | N5: 0 | O5: 0 | P5: 577.5 | Q5: 0 | R5: 0 | S5: 0 | T5: 0 | U5: 0 | V5: 6814.5
B6: ALFREDO | C6: 9418.64 | D6: 0 | E6: 36137.64 | F6: 29961.47 | G6: 0 | H6: 0 | I6: 22842.05 | J6: 0 | K6: 43454.7 | L6: -3461.15 | M6: 8848.84 | N6: 0 | O6: 22134.42 | P6: 40380.34 | Q6: 0 | R6: 1573.11 | S6: 11114.95 | T6: 0 | U6: 4207.28 | V6: 47983.32
B7: Arizona International LLC | C7: 0 | D7: 0 | E7: 8731.8 | F7: -4536.84 | G7: 0 | H7: 0 | I7: 16911.51 | J7: 0 | K7: 22321.53 | L7: 0 | M7: 1755.6 | N7: 0 | O7: -341.88 | P7: 5939.01 | Q7: 0 | R7: 0 | S7: 1975.05 | T7: 0 | U7: 0 | V7: 1755.6
B8: ASURIN | C8: 6826.82 | D8: 0 | E8: 0 | F8: 2.2737368e-13 | G8: 0 | H8: 0 | I8: 3157 | J8: 0 | K8: 15637.16 | L8: 0 | M8: 0 | N8: 0 | O8: 0 | P8: 23281.72 | Q8: 0 | R8: 0 | S8: 0 | T8: 117.04 | U8: 0 | V8: 0
B9: BARONIE | C9: 0 | D9: 0 | E9: 0 | F9: 0 | G9: 0 | H9: 0 | I9: -437.05 | J9: 0 | K9: 1593.9 | L9: 0 | M9: 0 | N9: 0 | O9: 0 | P9: 0 | Q9: 0 | R9: 0 | S9: 0 | T9: 0 | U9: 0 | V9: 0
B10: BARKLEYS | C10: 0 | D10: 0 | E10: 25918.2 | F10: 24622.29 | G10: 0 | H10: 0 | I10: 171492.09 | J10: 0 | K10: 81210.36 | L10: 0 | M10: -3023.79 | N10: 0 | O10: 1295.91 | P10: 63067.62 | Q10: 33693.66 | R10: 0 | S10: 9071.37 | T10: 25486.23 | U10: 0 | V10: 20734.56
B11: Bavaria | C11: 0 | D11: 0 | E11: 0 | F11: 0 | G11: 0 | H11: 0 | I11: 0 | J11: 0 | K11: 0 | L11: 0 | M11: 0 | N11: 0 | O11: 0 | P11: 4942.78 | Q11: 0 | R11: 0 | S11: 0 | T11: 0 | U11: 0 | V11: 0
B12: Bebeto | C12: 89196.38 | D12: 27498.1 | E12: 54412.82 | F12: 81902.73 | G12: 35224.82 | H12: 0 | I12: 152726.76 | J12: 0 | K12: 386072.18 | L12: 68844.16 | M12: -6934.43 | N12: 0 | O12: 9433.33 | P12: 62187.07 | Q12: 136.92 | R12: 8713.32 | S12: 117548.2 | T12: 87894.66 | U12: 12490.3 | V12: 33444.18
B13: BERGEN | C13: 0 | D13: 0 | E13: -851.62 | F13: 0 | G13: 0 | H13: 0 | I13: 0 | J13: 0 | K13: -1617 | L13: 0 | M13: 0 | N13: 0 | O13: 0 | P13: 0 | Q13: 0 | R13: 0 | S13: 0 | T13: 0 | U13: 0 | V13: 0
B14: Bruggen | C14: 34775.51 | D14: 0 | E14: 3446.52 | F14: 10933.23 | G14: 0 | H14: 0 | I14: 31829.49 | J14: 0 | K14: 22567.93 | L14: 7718.48 | M14: 2745.82 | N14: 0 | O14: 0 | P14: 314.16 | Q14: 0 | R14: 0 | S14: 0 | T14: -60.83 | U14: 0 | V14: 19291.58
B15: BIBS | C15: 4562.65 | D15: 0 | E15: 29451.65 | F15: 66945.44 | G15: 0 | H15: 0 | I15: 48599.62 | J15: 0 | K15: 168929.18 | L15: 61696.53 | M15: -3954.2 | N15: 0 | O15: 15468.61 | P15: 8237.33 | Q15: 16457.22 | R15: 1096.48 | S15: 90070.11 | T15: 94169.94 | U15: -270.95 | V15: 71111.81
B16: Bolero | C16: 13887.72 | D16: 0 | E16: 9555.7 | F16: 3557.4 | G16: 0 | H16: 0 | I16: 17582.95 | J16: 0 | K16: 44682.33 | L16: 2286.9 | M16: -200.97 | N16: 0 | O16: 5876.64 | P16: 3896.2 | Q16: 0 | R16: 0 | S16: 4972.66 | T16: 0 | U16: 0 | V16: 19481
B17: Bornier | C17: 12896.73 | D17: 0 | E17: 4584.58 | F17: 38064.95 | G17: 0 | H17: 0 | I17: 128442.16 | J17: 0 | K17: 59850.56 | L17: 20996.36 | M17: 46196.15 | N17: 0 | O17: 4554.55 | P17: 27439.72 | Q17: 20579.02 | R17: 0 | S17: 567.49 | T17: 780.78 | U17: 10478.16 | V17: 64682.31
... B130: WRIGLEY`S | C130: 39281.93 | D130: 0 | E130: 94475.92 | F130: 119830.48 | G130: 0 | H130: 0 | I130: 329672.56 | J130: 0 | K130: 353646.65 | L130: 19921.44 | M130: 33239.36 | N130: 0 | O130: 12695.76 | P130: 131639.2 | Q130: 14488.32 | R130: 6338.64 | S130: 110124.19 | T130: 37428.16 | U130: 18110.4 | V130: 87983.28
B131: =COUNTA(B5:B130) -> 126 | C131: =SUM(C5:C130) -> 3762060.1 | D131: =SUM(D5:D130) -> 528725.85 | E131: =SUM(E5:E130) -> 4961746.6 | F131: =SUM(F5:F130) -> 6975839.8 | G131: =SUM(G5:G130) -> 2040801.6 | H131: =SUM(H5:H130) -> 403078.32 | I131: =SUM(I5:I130) -> 19346801 | J131: =SUM(J5:J130) -> 250579.18 | ... V131: =SUM(V5:V130) -> 6490348.6
